student_id,semester,program_code,average_attendance,average_participation,average_academic_engagement,average_social_engagement,average_stress_level,engagement_trend,risk_factors
0,1,1.2.4,0.4019906977815619,0.6627186553247106,0.6780164061497488,0.7743363641685224,0.5471028137801448,stable,low_attendance
1,1,1.2.4,0.7509995740377292,0.5369102593118791,0.6567510403781783,0.626107118547985,0.4924901679669736,stable,none
2,1,2.3.23,0.8022253106266874,0.45429559564780925,0.736583246010738,0.5736246416480022,0.39737305952991325,stable,low_participation
3,1,1.2.4,0.6557560864507702,0.3720101236334819,0.5159314576243778,0.458498355890907,0.6778212410262766,stable,"low_attendance,low_participation"
4,1,2.2.18,0.6497767755872119,0.5940356468780152,0.5314341749420701,0.7013965124392025,0.444845460013745,stable,low_attendance
5,1,2.3.23,0.8211892807516327,0.42056989322983246,0.7552742393747937,0.5127853574702613,0.42173615305547635,declining,low_participation
6,1,4.2.36,0.7582259514929864,0.44331537072742666,0.7311164377993693,0.5438849462974572,0.5224756310648244,stable,low_participation
7,1,2.4.26,0.6813381488201626,0.47560807697667723,0.6585697243530384,0.5691371220165033,0.5674653679173797,improving,"low_attendance,low_participation"
8,1,4.1.34,0.71277553411119,0.4068504400669717,0.5836210233225468,0.5116715601517333,0.5645892468909955,stable,low_participation
9,1,4.2.37,0.6484037756393016,0.49440945583559426,0.7023136004785528,0.6345989925980111,0.4734467296567645,stable,"low_attendance,low_participation"
10,1,2.1.16,0.7018071013713701,0.6615154133965747,0.6995161141409875,0.8184777518378894,0.38814673932270827,stable,none
11,1,4.1.35,0.7891717089101477,0.47159592596614647,0.6976181661278987,0.55739908616032,0.40282763085204265,stable,low_participation
12,1,4.1.34,0.6328436788149104,0.6374037355032462,0.7169511676660214,0.8148316272959556,0.4053448162982169,stable,low_attendance
13,1,2.4.25,0.7592330601195483,0.42628581636149104,0.6583818657392942,0.5572648079962413,0.4091214689948853,stable,low_participation
14,1,1.1.3,0.7333657490985113,0.36433941124313457,0.5680732101065112,0.440978473311159,0.5718713489743705,stable,low_participation
15,1,3.3.32,0.7042952718547365,0.6177187687470314,0.739060684731485,0.7546084852311141,0.4811205752625898,stable,none
16,1,3.2.29,0.7616360056742395,0.4183082005427477,0.6698714477382742,0.4899249641783463,0.36235600493434494,stable,low_participation
17,1,1.5.13,0.69354803505552,0.6131030766254915,0.6561716949597532,0.7248935602109973,0.44721382033130763,stable,low_attendance
18,1,1.2.5,0.6736188923554476,0.5016178290307604,0.4720444079308596,0.6292846644510345,0.5437068521500478,improving,"low_attendance,low_academic_engagement"
19,1,1.1.1,0.567360525697875,0.6307180439522956,0.6747094350309152,0.7774142486293585,0.42627712422803116,stable,low_attendance
20,1,1.1.2,0.663525228407026,0.4725842261563035,0.7519922700007048,0.593769771522434,0.5006842188885137,stable,"low_attendance,low_participation"
21,1,4.3.41,0.6458435433858987,0.4384227655407698,0.6751265764900954,0.5512294516414246,0.6228158439695379,stable,"low_attendance,low_participation"
22,1,2.2.18,0.6968641299165181,0.5801595621459177,0.6018905915748686,0.7166087891316383,0.4608938704938656,stable,low_attendance
23,1,1.1.2,0.7038006278359527,0.404323388773014,0.672874942886279,0.5204137724078196,0.48286917238208865,stable,low_participation
24,1,3.2.30,0.7391200791020834,0.3676536251830759,0.5823358967214896,0.47018908776576523,0.5468270024127938,stable,low_participation
25,1,1.1.2,0.6126764637921214,0.42004174795536026,0.6539693815571496,0.4792513347764713,0.5387511727604992,declining,"low_attendance,low_participation"
26,1,4.1.34,0.7152588473292217,0.37043573468989766,0.7535816853653504,0.4622742335076133,0.5719765742583813,stable,low_participation
27,1,2.4.25,0.6873510373168595,0.403790155065173,0.6554111976570887,0.5031655787451093,0.6003989288951765,stable,"low_attendance,low_participation"
28,1,4.3.41,0.7633294480836147,0.48030571170771214,0.7050006566897541,0.595329632324268,0.5095485213498111,stable,low_participation
29,1,4.4.44,0.7679209164320998,0.5713521733547244,0.6515166391131985,0.7152693891462656,0.4841778704837072,stable,none
30,1,3.2.29,0.615853180994451,0.5435720026431148,0.5557720730930019,0.6778872830762438,0.5177798188844456,stable,low_attendance
31,1,1.2.5,0.662601394570036,0.58490643738621,0.5750647661479574,0.7091045747465247,0.41762107604492194,stable,low_attendance
32,1,1.5.13,0.5779533469934743,0.3239409192022152,0.6924967903177484,0.4001992750309744,0.6435727079111777,stable,"low_attendance,low_participation"
33,1,4.4.44,0.7365719158571337,0.47010195178867753,0.5935024638192438,0.5567259148247,0.493786704150982,stable,low_participation
34,1,2.1.17,0.5931532756723409,0.4171308949018598,0.6619344446347629,0.5011540603442702,0.5522937323639551,declining,"low_attendance,low_participation"
35,1,1.3.9,0.744481647746404,0.5989294955534714,0.6172495241528949,0.6250256421997603,0.4683340677780068,stable,none
36,1,3.1.27,0.7715707015347686,0.30265596333818284,0.6926832931278705,0.38659715906579656,0.5120528890005115,stable,low_participation
37,1,2.3.22,0.6732693421164998,0.6306619603606093,0.5992275460940149,0.8299531328151059,0.518429877414277,stable,low_attendance
38,1,1.1.3,0.7265847812417051,0.31340267977256714,0.7818297784050037,0.4144268074046491,0.47534721213796827,stable,low_participation
39,1,1.3.9,0.7203016955922873,0.3690980165578209,0.7541104218669433,0.4567466563904108,0.5332906907454689,improving,low_participation
40,1,3.1.28,0.604620149956251,0.504056753441813,0.7467675752390631,0.622895853209271,0.5415437139125667,stable,low_attendance
41,1,2.3.21,0.6929344280617837,0.5915662969243901,0.6517304260696674,0.7375815874281373,0.4701421263579189,stable,low_attendance
42,1,4.2.37,0.549496557201642,0.6789330599958061,0.6466072991070205,0.8389187014642308,0.4406070793718275,stable,low_attendance
43,1,2.1.17,0.6701876276388389,0.504819132675526,0.7075655789509834,0.6282561890200125,0.5469300911452718,declining,low_attendance
44,1,2.3.21,0.6633318097097657,0.7027612965793043,0.6857979026616111,0.8091822867972687,0.4035244550289645,stable,low_attendance
45,1,2.1.17,0.754388242332177,0.45702668157093473,0.5264419036756626,0.55543101994055,0.4967647394495267,stable,low_participation
46,1,3.3.31,0.8092563572259381,0.4119567684606606,0.7228973772515058,0.502582581765524,0.3599753185470134,stable,low_participation
47,1,2.4.25,0.8191369410990011,0.42752007561255495,0.725018385569807,0.5472965565697238,0.4530784371586694,stable,low_participation
48,1,2.3.23,0.5691355194443278,0.5933779401321896,0.5673660500640471,0.7499112935179912,0.6084119577454802,declining,low_attendance
49,1,3.1.27,0.6889880086778829,0.4807118043780148,0.6191748073879925,0.6139523038841055,0.47840698120144687,stable,"low_attendance,low_participation"
50,1,4.2.38,0.7670183701555885,0.4401302266454221,0.6735955238775061,0.5453858688647125,0.4281266274695674,stable,low_participation
51,1,2.3.23,0.4899847712014706,0.6839868885592916,0.6471176498206345,0.8728899238579065,0.531242555969655,stable,low_attendance
52,1,1.2.4,0.7093052922935578,0.5129230465651485,0.7130792513956218,0.6088827050570033,0.5056569355686013,stable,none
53,1,3.2.29,0.5880250060323936,0.4864449013718205,0.6337751040585622,0.57826617903652,0.5249798787527676,stable,"low_attendance,low_participation"
54,1,2.2.19,0.7624931606683832,0.4118291325842353,0.6122340038887252,0.5002873117503681,0.44446694263339187,stable,low_participation
55,1,4.1.35,0.712622250727875,0.5625760303942606,0.7733733237057173,0.6778419188859303,0.5971301674921016,stable,none
56,1,3.2.29,0.7166334405695939,0.5428802269496773,0.7078503662750796,0.6677256874269383,0.5659573166256932,stable,none
57,1,1.1.1,0.6356758778267688,0.6586273390432406,0.6524552848510775,0.7650821307798616,0.5092952663302769,stable,low_attendance
58,1,3.3.32,0.6540662633331982,0.3369435407277844,0.6000401386131292,0.41035430837098147,0.6041868506183067,stable,"low_attendance,low_participation"
59,1,1.5.13,0.6275230594756603,0.5121185401660164,0.7689009351110498,0.6531329871382672,0.5565405501758236,improving,low_attendance
60,1,2.4.25,0.5648028280785404,0.42926789955750855,0.6470711792798141,0.51249742976099,0.462023311610873,stable,"low_attendance,low_participation"
61,1,3.2.29,0.5764140932534425,0.7195538706462935,0.6703872057390736,0.8279537666930179,0.5190789155802831,stable,low_attendance
62,1,4.2.37,0.5898052949449065,0.7192783632452819,0.6947277146420833,0.8318858781731622,0.47709111407836946,stable,low_attendance
63,1,3.2.29,0.6887790567858887,0.558081621385661,0.6194373392421677,0.6565464630496906,0.4987611367459345,stable,low_attendance
64,1,2.4.25,0.7668515387607431,0.4045385939835982,0.6941889989285966,0.4939374147034418,0.4410339552048302,stable,low_participation
65,1,4.1.33,0.6431765202567421,0.7050151699444144,0.735501523871808,0.8489217739645095,0.4640250141070383,stable,low_attendance
66,1,2.4.26,0.7571018542215321,0.37661315969548365,0.6449919980815236,0.44267534972200506,0.45899073332668067,stable,low_participation
67,1,1.2.4,0.7858924686815911,0.5276746155345645,0.7747834817831302,0.6284023190377167,0.37679246598211236,stable,none
68,1,2.2.19,0.625169614481776,0.4958920309418268,0.7528882079688141,0.6107491297142515,0.5545820433309099,stable,"low_attendance,low_participation"
69,1,4.4.42,0.7789661931922699,0.279223054918424,0.5227075650129334,0.3527377157814935,0.4232599927179581,stable,low_participation
70,1,4.1.34,0.6323424024746197,0.46087278376404045,0.5210610130459399,0.5889365044335727,0.44756840930193675,stable,"low_attendance,low_participation"
71,1,1.1.3,0.6503212229048861,0.4028642452524393,0.594043058586312,0.4919022136088855,0.5551122378667621,improving,"low_attendance,low_participation"
72,1,4.3.40,0.7637040069019188,0.40308764638744016,0.5393225176567036,0.5206700240252119,0.471998749326827,stable,low_participation
73,1,4.2.38,0.7348444390542894,0.38681309316832724,0.7365683793215815,0.48554461144908717,0.5066147020908148,declining,low_participation
74,1,4.1.33,0.7489911857012895,0.44295544335124504,0.6070518962120409,0.5430151714268215,0.4708146112130264,stable,low_participation
75,1,3.3.32,0.7831491806296503,0.3776996507714876,0.7856858175900383,0.4820935391739644,0.5002287922949734,stable,low_participation
76,1,1.5.12,0.7180395924279405,0.377487504374811,0.6374187440905407,0.4779661753487923,0.4987124648026751,stable,low_participation
77,1,2.4.26,0.6906644331356538,0.6741641306700767,0.6600984442920746,0.7918513921818405,0.35434157884836726,stable,low_attendance
78,1,4.1.34,0.6249354145323395,0.5030482304473899,0.5976045165697026,0.6094011336717758,0.42157054005686234,stable,low_attendance
79,1,2.2.19,0.5919238553024182,0.6487182484252302,0.7151431622788605,0.787838941661715,0.4862555190452724,stable,low_attendance
80,1,2.1.17,0.8043759672667665,0.6401315640942706,0.7694912100039174,0.7671299307281708,0.4080584113016473,declining,none
81,1,2.1.17,0.6304837685492432,0.7019492384340275,0.7802759938112761,0.8077163942405026,0.3863995128871036,stable,low_attendance
82,1,2.3.23,0.674051379446244,0.6698735024940535,0.5436550817253648,0.8003451775733543,0.5371420413851072,stable,low_attendance
83,1,4.2.38,0.6913984589458637,0.5707823540633528,0.6939600523183427,0.7021621445142568,0.5745919099897053,stable,low_attendance
84,1,2.2.18,0.7485781431145185,0.4740131444347376,0.7245897044605735,0.5512257535285751,0.5214700578439668,stable,low_participation
85,1,2.1.15,0.5724450692262711,0.6399789590286794,0.6603748777271766,0.7786318434360854,0.4869422656641255,stable,low_attendance
86,1,4.1.34,0.7332912728566511,0.4453646213779967,0.6684978385189232,0.5298841740459349,0.4465254868111758,stable,low_participation
87,1,4.4.43,0.6352886055304957,0.6469182078318426,0.8324806943275368,0.7882722994022845,0.44736132979981286,stable,low_attendance
88,1,3.3.31,0.7093478855409677,0.4575828234040366,0.6767157238998357,0.5775062361032183,0.5303206443742515,stable,low_participation
89,1,2.2.19,0.6777906895891505,0.6461539782207492,0.7838963256981204,0.7638663570810392,0.3380841446367719,stable,low_attendance
90,1,2.1.16,0.6749080406161451,0.6495228688907048,0.6481014737087857,0.790527238242646,0.39483756498523354,stable,low_attendance
91,1,2.2.20,0.535883755761497,0.6702988060112615,0.6168105865547373,0.7990126054899142,0.5474382666407089,stable,low_attendance
92,1,4.3.40,0.7700747006701039,0.5292274294105249,0.6607061042692569,0.6358267036811047,0.4466015658648528,stable,none
93,1,4.4.44,0.6766440219054463,0.454741040090143,0.599676802262104,0.5780108375475463,0.5121315946609827,stable,"low_attendance,low_participation"
94,1,2.1.16,0.6838481216240258,0.6717738188953087,0.7082516601097247,0.8440356272223214,0.3831852800423376,stable,low_attendance
95,1,2.3.23,0.7015819763686083,0.5223673967101524,0.6038414555544811,0.6337440889145532,0.512006281450009,improving,none
96,1,2.1.16,0.720717171340012,0.6772999210627689,0.624148585536111,0.8166504543962946,0.41344248148318224,stable,none
97,1,4.3.40,0.7641858086480386,0.5019785784934278,0.6480109936017305,0.6395745848306857,0.516324839016739,stable,none
98,1,1.5.12,0.6067115366960285,0.6054273269833023,0.6499717241488484,0.7217564551063347,0.6031804056915665,stable,low_attendance
99,1,4.4.43,0.644922909368098,0.4596690606521274,0.7630362793402075,0.5666512052584753,0.499747475097099,stable,"low_attendance,low_participation"
100,1,4.1.34,0.7617909268981095,0.3744461074650665,0.5682052749414541,0.4642904866481586,0.527179151282231,stable,low_participation
101,1,2.2.18,0.7467790113925675,0.4584064514307319,0.644458330226391,0.5630879522837282,0.5027788806289695,stable,low_participation
102,1,4.2.37,0.681833525087344,0.5836002764767069,0.6724844263764687,0.7038505941498038,0.5273593672883565,stable,low_attendance
103,1,4.3.40,0.6362329293980717,0.5411398649893101,0.6457078469271555,0.6289278443352726,0.6076638379279005,stable,low_attendance
104,1,1.4.11,0.6387897570578641,0.616631166716876,0.7339948466156747,0.744407999625549,0.49818082225572086,stable,low_attendance
105,1,4.1.35,0.7710182126529753,0.3993265402821904,0.7863729489992682,0.45538102273313513,0.49842156073330246,stable,low_participation
106,1,3.2.29,0.616497052277913,0.6745538019780426,0.5597448739170089,0.7846484417082212,0.5071667958041425,stable,low_attendance
107,1,2.1.16,0.7145100045159601,0.5604221714658287,0.7169084369393914,0.685408117940673,0.45090673549948423,stable,none
108,1,4.4.42,0.733188909313638,0.3882579729169102,0.5981973160027432,0.46171758861617035,0.5890547103557596,improving,low_participation
109,1,2.2.20,0.7808353481874812,0.5167835091013643,0.7461385357865212,0.6850496156945237,0.3573455610429071,stable,none
110,1,2.1.16,0.6608911204467033,0.7288018528629593,0.6991126702839496,0.8560930232453896,0.36516668417593096,stable,low_attendance
111,1,4.2.37,0.66927213314001,0.3444370856873542,0.48884519768674534,0.44391165699577684,0.5409417383224565,stable,"low_attendance,low_participation,low_academic_engagement"
112,1,2.2.19,0.724364711449527,0.31823437170025864,0.6158549536394511,0.39285718103731854,0.49436438733200294,stable,low_participation
113,1,1.5.13,0.7974249178169133,0.4311581518644968,0.7240013828837868,0.5334727955626916,0.5056196967539797,stable,low_participation
114,1,2.3.23,0.6019836715392154,0.668035101848835,0.7183661669320998,0.8178147352084603,0.31872012375033115,declining,low_attendance
115,1,4.4.42,0.6257539196828493,0.6257109679798901,0.6400019295825897,0.800109421517587,0.506738204777652,stable,low_attendance
116,1,4.2.37,0.730556951335751,0.5211277045375861,0.7542967122081575,0.6467856708063671,0.43727030924765486,stable,none
117,1,4.2.37,0.6545417242873037,0.5888345089043933,0.7460803411917689,0.7334030345870932,0.5514743099789992,stable,low_attendance
118,1,2.3.22,0.6830817063332434,0.7207908509939621,0.7042607053469762,0.8567608827575374,0.4747656570963364,improving,low_attendance
119,1,2.3.23,0.6712730329710181,0.47651903610580115,0.6707101242044563,0.5503852631092935,0.509543614371728,stable,"low_attendance,low_participation"
120,1,4.2.37,0.6217119892166303,0.6182042828486031,0.7181507707024376,0.7516377502794648,0.48852815445403597,stable,low_attendance
121,1,2.2.18,0.515430609317188,0.4772554474061706,0.46974182657738567,0.5632697702594005,0.6671419067793284,stable,"low_attendance,low_participation,low_academic_engagement"
122,1,2.2.19,0.5419124361345362,0.6415271912681195,0.6047441950745983,0.7794859950500941,0.4880677520146071,stable,low_attendance
123,1,2.1.16,0.5857500996353058,0.6868994854692104,0.660357871995072,0.8300926105320833,0.446399094522176,stable,low_attendance
124,1,4.1.33,0.7294264924125496,0.46355273563701066,0.7677297429754475,0.5787159125102979,0.5146622131352212,stable,low_participation
125,1,1.1.2,0.7403511609615485,0.5858743566159648,0.6602099422251511,0.7217776049022211,0.45173667997710365,declining,none
126,1,4.1.33,0.8092238222603539,0.40695063632615264,0.7177177266595667,0.509902960779059,0.46406335423550943,stable,low_participation
127,1,1.3.8,0.6363536770793446,0.44736378034631763,0.5095461543820089,0.544483779629923,0.5899936346952342,stable,"low_attendance,low_participation"
128,1,4.3.39,0.5791904851124557,0.5592748457535568,0.7039865786760554,0.6567619528678533,0.4281008876013607,stable,low_attendance
129,1,1.1.2,0.6709805091890257,0.642709559302811,0.7386249531135326,0.7906623546054371,0.5083706257401807,stable,low_attendance
130,1,4.1.33,0.7177159883153683,0.44599997423216003,0.7642950195277521,0.5620702729133608,0.4295772948726135,stable,low_participation
131,1,4.2.37,0.6970418522402824,0.5911068611107753,0.7527817691270177,0.7167715985879083,0.4333345723513049,stable,low_attendance
132,1,3.2.29,0.5528233724753909,0.6251040439240209,0.7348447595079182,0.754082772760628,0.48907356912264377,stable,low_attendance
133,1,1.5.14,0.7112690422656187,0.5322633485607186,0.6618284292003671,0.6540359767699796,0.5793288817330574,stable,none
134,1,3.3.32,0.5980078146915834,0.5569394270572202,0.7543230482197387,0.6628272828193439,0.5453057361222803,stable,low_attendance
135,1,4.1.35,0.6406687026791436,0.6611307761061275,0.7260715303310784,0.8373808143009219,0.389644428229649,stable,low_attendance
136,1,4.2.37,0.6322270112296039,0.6445295974454059,0.6575615087784958,0.779684072150804,0.49153992726560514,stable,low_attendance
137,1,4.4.44,0.7284301964230275,0.4911213984380603,0.6012450188962833,0.61708693492977,0.45752028265056804,stable,low_participation
138,1,2.3.23,0.80470695031544,0.46611693222638495,0.7197190896379398,0.5522324979518,0.5069208105720105,stable,low_participation
139,1,2.1.17,0.8129442539465019,0.40365390002240176,0.5818336156167677,0.5053127909282086,0.5168760989184796,declining,low_participation
140,1,2.2.19,0.6986620550919063,0.6099984670467932,0.5491371131118301,0.7759447911354096,0.45692675093483226,stable,low_attendance
141,1,4.3.40,0.7877964642238031,0.3378093835591706,0.6118213433328867,0.4186054684205962,0.5249281992154629,stable,low_participation
142,1,2.1.17,0.750604579943114,0.5082687754565566,0.6809031993420502,0.6628264215860208,0.44122743690777955,stable,none
143,1,1.1.2,0.6490648290223443,0.6964501085673794,0.7381354643786224,0.8576601431744194,0.4316296989971266,stable,low_attendance
144,1,4.3.41,0.7245246120736163,0.5652197432717295,0.6782202126080555,0.7130109837641116,0.4275864535183566,stable,none
145,1,2.2.18,0.6798802307113497,0.493729327845706,0.5475727238833719,0.6207087778226035,0.4320011851288664,stable,"low_attendance,low_participation"
146,1,1.1.2,0.5974860124611935,0.7232994159837305,0.7123502355713377,0.8551374923638925,0.4967713621231211,stable,low_attendance
147,1,1.1.2,0.5292582583627085,0.5327472871866613,0.7039601787334866,0.5863816635801674,0.6069713653914556,stable,low_attendance
148,1,3.2.29,0.8192531894193231,0.4614200538051975,0.6948313062998568,0.5647019778973213,0.4342110305126422,stable,low_participation
149,1,4.3.41,0.727030297488386,0.5338025905301413,0.7244928001561393,0.6556578995353354,0.4478452774447584,improving,none
150,1,2.2.19,0.7203726986062607,0.4217211489420473,0.6480016732170225,0.4973099702695624,0.5738477216959342,stable,low_participation
151,1,2.3.22,0.6418625048793585,0.7177119286109385,0.7110552615787773,0.8653293490334101,0.4820216324297267,stable,low_attendance
152,1,1.2.4,0.6122329989744624,0.5726728894739632,0.66959618831936,0.6975565826036122,0.5955393315403629,stable,low_attendance
153,1,4.2.36,0.6134027227153739,0.448011075051141,0.6207419557156119,0.5254089946482051,0.555656436963115,stable,"low_attendance,low_participation"
154,1,4.4.42,0.7099096193415623,0.4373688884152567,0.63583464673131,0.5470505471358974,0.5339745637131855,stable,low_participation
155,1,3.3.31,0.5981544601119708,0.5674771022446273,0.7574330016218765,0.6711963196050111,0.5020433302727102,improving,low_attendance
156,1,1.1.2,0.6729691187752191,0.6605921122835875,0.6459890014176314,0.8052246121684764,0.4761115901168276,stable,low_attendance
157,1,2.1.17,0.5304664508601741,0.4143073696611926,0.6836745773165053,0.5449866963469844,0.6727045860522994,stable,"low_attendance,low_participation"
158,1,1.2.5,0.6207773475034909,0.5389642655923682,0.546886649962174,0.6516787613462086,0.5742413599245159,stable,low_attendance
159,1,4.2.36,0.7492844053005715,0.37052419583525403,0.7017445269435921,0.48573702810285635,0.6222671412180869,stable,low_participation
160,1,4.1.34,0.7757338031620863,0.5089816414467448,0.6266143933584565,0.6289961066787207,0.36473575708833733,stable,none
161,1,4.4.43,0.6653560752769923,0.529312218053569,0.5265190277514152,0.625159301409729,0.45911015671107264,stable,low_attendance
162,1,3.1.28,0.6725758707083953,0.6326569129040319,0.6449029329626165,0.7816116835280019,0.49533075665425574,stable,low_attendance
163,1,4.4.42,0.6047869070866939,0.5046110921066121,0.5940685543442765,0.6138903098644696,0.6021677812368256,stable,low_attendance
164,1,4.2.38,0.8190401291997215,0.47298370759346603,0.6171487265764233,0.5776694478723294,0.4001258414505325,stable,low_participation
165,1,2.2.19,0.6082624488146685,0.4086212694064087,0.6513393835120428,0.4989402560455458,0.6556258236142126,stable,"low_attendance,low_participation"
166,1,1.3.8,0.7141487807284235,0.3097475387123749,0.5862852498399018,0.41225089442032303,0.6026823471346785,stable,low_participation
167,1,4.3.40,0.7528702820461096,0.5316476353688788,0.6141901209257399,0.6719117045220253,0.41161242234415685,stable,none
168,1,4.1.34,0.6923155301953274,0.42484473886998253,0.7973129008057613,0.5399245502592745,0.5441818454821443,stable,"low_attendance,low_participation"
169,1,3.1.27,0.6836125696456233,0.44392433093019656,0.7965185370606817,0.5555806884349509,0.40873874239082836,stable,"low_attendance,low_participation"
170,1,2.4.25,0.5711315087107303,0.4068586157045363,0.6625728045401442,0.4880131447567639,0.5770147195314794,stable,"low_attendance,low_participation"
171,1,3.3.31,0.6634854945981404,0.42071102486832834,0.6650816197612714,0.567210340794864,0.49792290856195615,stable,"low_attendance,low_participation"
172,1,1.3.8,0.6093268881133069,0.5662696665437632,0.6682488171569277,0.7212012611006623,0.45966959604180235,stable,low_attendance
173,1,1.3.8,0.7323954026774844,0.5041812372655596,0.7070359399423614,0.6479380533670803,0.45181496201058163,stable,none
174,1,4.2.37,0.7122969429233432,0.6162887200270758,0.7122853833751017,0.7247755155038652,0.48870443226936267,stable,none
175,1,4.1.35,0.6697403128825931,0.4718210748690635,0.793430968006907,0.6118075920303291,0.5329382565727273,stable,"low_attendance,low_participation"
176,1,2.1.17,0.6113664611392493,0.5737791288424495,0.6854191715277405,0.729351861046382,0.5666322931212192,improving,low_attendance
177,1,4.1.33,0.6981027278854879,0.44246266508924986,0.5752309623922168,0.5499215055666481,0.47124975727933877,stable,"low_attendance,low_participation"
178,1,4.3.40,0.7588498874879481,0.4947383395207077,0.7160421965450049,0.6039626852599382,0.40191284981460434,stable,low_participation
179,1,3.1.28,0.7092755031728514,0.4775280693917181,0.5241390380628373,0.5881594769801088,0.3629245251236754,stable,low_participation
180,1,1.1.2,0.5588763326908474,0.694230344863828,0.6471718202641873,0.8046859096496947,0.4690260239071087,stable,low_attendance
181,1,3.2.30,0.7421332299120728,0.44273472215599713,0.6779884683264358,0.5391716760048457,0.4362516853476495,stable,low_participation
182,1,1.2.4,0.7864793260309502,0.5344565295488982,0.6700144870690374,0.6483486048327688,0.4815469511588011,stable,none
183,1,2.3.22,0.6006947402837584,0.703153484349112,0.6894204159678231,0.845988351225288,0.49153000544521436,stable,low_attendance
184,1,4.4.44,0.6682220259612003,0.545025937612451,0.6092012071064278,0.6652505546664534,0.4367190632649627,stable,low_attendance
185,1,1.2.6,0.6954491195023769,0.3566294942285902,0.7269238258797791,0.43439550368519364,0.5016663474125433,stable,"low_attendance,low_participation"
186,1,2.2.18,0.7031893428136681,0.43280773937245265,0.5558767819133976,0.5284600249276111,0.4255670246258547,stable,low_participation
187,1,4.3.41,0.7475181959598531,0.473281911951186,0.6993209650124976,0.568033819543669,0.3517613831962168,declining,low_participation
188,1,4.3.40,0.7768951788493998,0.5697792452705736,0.6465122795172724,0.6967524167386148,0.5002407791345043,stable,none
189,1,2.3.22,0.6431404995692961,0.6444515950513892,0.7006859322133385,0.7765142532272223,0.5356452215967452,stable,low_attendance
190,1,2.3.23,0.6981340089211326,0.4226672816282067,0.6401009517452746,0.5153307717279109,0.5576303618128984,stable,"low_attendance,low_participation"
191,1,2.3.22,0.5756788571699669,0.6470853057258831,0.7214456786814408,0.7589780508268422,0.5130242128286814,stable,low_attendance
192,1,4.2.37,0.7034475638053423,0.47326564799295057,0.7275254334094067,0.5780289428067249,0.5387104157337536,stable,low_participation
193,1,4.2.38,0.8323107644052692,0.5196125510191406,0.7085611024820145,0.6443015499127142,0.5124041960257002,stable,none
194,1,2.3.23,0.6678647259288705,0.6375170498493662,0.7326737534967637,0.7675100319675646,0.47270062172068333,stable,low_attendance
195,1,4.4.44,0.6032371429721956,0.5814310368176839,0.6512758080758451,0.700275820417602,0.46432637329977133,stable,low_attendance
196,1,4.4.44,0.7618120391088645,0.6441576715081249,0.7024519576042533,0.816455528123342,0.3864058717727851,stable,none
197,1,2.2.19,0.6782889604317573,0.5525216842082273,0.8024956856881996,0.6738836958384731,0.47729125821044754,stable,low_attendance
198,1,4.1.34,0.7045643554290634,0.3943745127410174,0.6567889408746393,0.48668507216343615,0.5823747914436108,stable,low_participation
199,1,2.3.22,0.7207367950136742,0.4790362700121718,0.6368241230090433,0.575808425232739,0.5066497018632835,stable,low_participation
200,1,1.2.6,0.7071823258218407,0.46408614123387765,0.5947295690020923,0.5717846991858191,0.4868622285642957,stable,low_participation
201,1,4.4.44,0.6686758618876162,0.44902287644568784,0.5444870026172173,0.5738740043701852,0.41628839629071673,stable,"low_attendance,low_participation"
202,1,4.1.33,0.6610111410037044,0.21978791434105616,0.5566640940813189,0.2879093376908191,0.6351693922078256,stable,"low_attendance,low_participation"
203,1,4.3.39,0.7113996788054378,0.514516770099429,0.6464292514051122,0.6216457912698842,0.45455036427846696,stable,none
204,1,4.3.41,0.6508797616536407,0.5339977990431088,0.7633441169601177,0.6252082210392426,0.557624544998918,stable,low_attendance
205,1,2.2.19,0.5084017601001628,0.7079635807926095,0.6623636822805856,0.8374294276133373,0.49221321854658684,stable,low_attendance
206,1,3.3.31,0.647000181180973,0.30304908714459783,0.7773256637991034,0.37152084963676063,0.6570565030165518,stable,"low_attendance,low_participation"
207,1,1.1.3,0.7218932395927249,0.3559514877451793,0.5993126127913875,0.44992704381495824,0.48142377451860124,stable,low_participation
208,1,3.1.28,0.6476637489748017,0.47000574914167376,0.6313418954880045,0.5955630985877742,0.4894067441611396,stable,"low_attendance,low_participation"
209,1,1.5.12,0.7326525635371078,0.6125920240256995,0.7304338535332672,0.6984638035030122,0.42120572333656775,stable,none
210,1,4.3.41,0.7490819118402569,0.3858549239138738,0.6894249840551564,0.460229438239975,0.60029396832687,stable,low_participation
211,1,2.4.25,0.7461639936297993,0.511685054109924,0.6759394184128038,0.6286218879409078,0.39509229216228475,stable,none
212,1,1.2.6,0.6548098452064995,0.6814847352891581,0.6731391310662008,0.8248792112420844,0.4969018912434606,stable,low_attendance
213,1,4.2.36,0.6035391161443066,0.5915299606309602,0.7240726532002774,0.7377663134958296,0.5493030778739031,stable,low_attendance
214,1,3.2.29,0.6642875162460667,0.5866378850963216,0.6818715014323089,0.7171469805170104,0.4565920802857996,stable,low_attendance
215,1,2.2.18,0.6874010578716186,0.5315554549463914,0.686179327127589,0.6399022695589243,0.5323770407059731,stable,low_attendance
216,1,4.2.37,0.5214301805797038,0.6733244721463222,0.5879460158616131,0.805263261017705,0.5054573847089623,stable,low_attendance
217,1,1.3.7,0.7526546318331628,0.43330804637620346,0.6621781968152461,0.5436501677267143,0.5717561693131203,stable,low_participation
218,1,2.1.17,0.671772175844486,0.4047830177604579,0.5360725269149077,0.4903651313604314,0.44582614736336296,stable,"low_attendance,low_participation"
219,1,4.3.40,0.7072913256798646,0.4393914367087969,0.6285141158015032,0.537718907739148,0.3874191118287243,stable,low_participation
220,1,4.1.34,0.7785252969343445,0.49771355474116347,0.7966243555871788,0.6466496847467028,0.3505632738869037,stable,low_participation
221,1,2.3.23,0.7668089263555494,0.5832225861693149,0.7028351945845447,0.7148817437821432,0.3686478419094786,stable,none
222,1,2.4.25,0.6676876183745531,0.4885138576062125,0.6459146388015545,0.586143414367965,0.5176236916599843,stable,"low_attendance,low_participation"
223,1,1.1.2,0.6718580066589118,0.4820718381800962,0.6624261155667348,0.5810844569810483,0.4333856849047863,stable,"low_attendance,low_participation"
224,1,1.1.1,0.6755426431247405,0.6420921028175076,0.6386487210332755,0.7865606373348385,0.5155944968561132,stable,low_attendance
225,1,1.2.5,0.7446485194168032,0.5859805293194887,0.6726194590706612,0.7462780784363868,0.4607856507862742,stable,none
226,1,4.3.41,0.7072854045739723,0.4841217862483109,0.7592587673045758,0.6184086526170542,0.5615864029188327,stable,low_participation
227,1,2.2.20,0.7558045125965572,0.537270506604182,0.5756638693190409,0.6845599096917504,0.49550618241588246,improving,none
228,1,2.4.25,0.7133069826499105,0.6826037498814375,0.6940011669557963,0.7928687576861411,0.4147341797332149,stable,none
229,1,4.4.44,0.6617394777386181,0.4396284759637232,0.5756558293240486,0.5422314364631766,0.5371584750945096,stable,"low_attendance,low_participation"
230,1,3.2.29,0.6353581215159247,0.7318985831278794,0.723301973596453,0.8584703885460205,0.5257763448805709,stable,low_attendance
231,1,2.4.25,0.7874471817073709,0.39533622004686175,0.6952961569638655,0.4960802931199054,0.3701223686523956,stable,low_participation
232,1,4.2.38,0.7028782211923049,0.5374807371595446,0.663001013377658,0.6493498644865231,0.38234648756449846,stable,none
233,1,2.3.23,0.6660102509036073,0.6624554500563957,0.7456644966835023,0.8067765019206452,0.4551357423998941,stable,low_attendance
234,1,3.3.31,0.6557980282850236,0.5985092016973271,0.7970223448351074,0.7498500596610348,0.409806230774016,stable,low_attendance
235,1,1.1.1,0.6410013858887338,0.5699978484718927,0.7737257712589916,0.6760034537087747,0.5066071638601309,stable,low_attendance
236,1,2.1.15,0.7558566922245996,0.4965087923568478,0.7388957372223507,0.5864477433294871,0.4649036372004219,stable,low_participation
237,1,3.1.27,0.7198654279470783,0.3390974532035916,0.6046621355800927,0.4436233031121684,0.46422876129940355,stable,low_participation
238,1,1.2.4,0.6773059475136961,0.5514377472225045,0.5808388792393505,0.6836794324415163,0.46930724842875654,stable,low_attendance
239,1,2.3.21,0.8028685255240221,0.5145583082414102,0.7232693583552542,0.6359565637227872,0.37249326743245953,stable,none
240,1,2.4.24,0.7879225049652696,0.5447889732237017,0.6951157900962887,0.6598895079786867,0.46799982310992727,stable,none
241,1,1.2.5,0.7811391503039579,0.4848014259236246,0.7099477693953328,0.5949192236691612,0.3893865847492264,stable,low_participation
242,1,2.1.15,0.6914401770948425,0.6540294770104688,0.7597591726179083,0.7958477474142255,0.3354868173434013,stable,low_attendance
243,1,4.4.43,0.7791868766640387,0.3534946669687454,0.6115243212013505,0.43959049137864054,0.4526294427143069,stable,low_participation
244,1,4.1.35,0.719015152174476,0.3543398971668039,0.7443141089562445,0.4368177953692431,0.5104458691210989,stable,low_participation
245,1,2.1.17,0.8233928615835624,0.5331430736357403,0.7737114180805523,0.6389071742254935,0.35649883782910924,improving,none
246,1,1.1.2,0.6981459389497761,0.6387671315732647,0.600198554489319,0.7419463567955438,0.3990738622347132,stable,low_attendance
247,1,4.4.43,0.6939290116706324,0.35581654849424077,0.6338592757997591,0.442255709932925,0.5661564781713361,stable,"low_attendance,low_participation"
248,1,3.3.32,0.6434782930868022,0.6356839700233495,0.6522582516249732,0.7331339892430181,0.6604424547779533,stable,low_attendance
249,1,4.1.35,0.6659708507635379,0.6043152819890233,0.7563629331074567,0.7519492671276732,0.463460178791913,stable,low_attendance
250,1,4.4.42,0.7550318737934433,0.5201398148340585,0.6594510849105322,0.572208788004772,0.43549481831765574,stable,none
251,1,1.5.12,0.7144682118504362,0.49131285305515054,0.5069842913545082,0.6294722458848099,0.4335752150469655,stable,low_participation
252,1,1.1.3,0.6848085919722916,0.47986889748999667,0.5028577835505231,0.5495267672766136,0.5060660666768831,stable,"low_attendance,low_participation"
253,1,4.2.37,0.5368597929449247,0.503849703365898,0.6377828453124814,0.6159690837437287,0.5951251614363158,stable,low_attendance
254,1,3.2.29,0.7540822284219446,0.40351241229857227,0.7879285284729723,0.4907429263618476,0.5607760563031312,stable,low_participation
255,1,2.2.19,0.5913555004199761,0.7166773559273762,0.6685312370073966,0.8352276248134544,0.4433131781375628,stable,low_attendance
256,1,4.4.44,0.5694439276111677,0.6387357173459901,0.646827182419142,0.7813064783924277,0.3981915123781208,stable,low_attendance
257,1,1.2.5,0.6093160135870309,0.6137657784318894,0.6216024171790013,0.7555272662436163,0.5608294617110923,stable,low_attendance
258,1,1.1.2,0.5822106941065042,0.5756301301614118,0.6495283272918929,0.6478888714343649,0.41469363536842757,stable,low_attendance
259,1,4.1.33,0.679191278360066,0.6549473947229106,0.7808948086901116,0.7921965763704967,0.41931677880345436,declining,low_attendance
260,1,1.1.2,0.5740348189958514,0.620860433624734,0.7001521147659643,0.7689215495772137,0.520144578770855,stable,low_attendance
261,1,3.1.27,0.6149387223906736,0.5384454541088365,0.7706367200238698,0.6788186588330145,0.5572784839408841,stable,low_attendance
262,1,4.1.35,0.8022860736867846,0.4693579741910258,0.7614877906545784,0.5872636771265675,0.43747348740495506,stable,low_participation
263,1,2.2.19,0.6345600154081477,0.40828602018923804,0.524547072294356,0.5182272806881255,0.4723853852816912,stable,"low_attendance,low_participation"
264,1,1.1.2,0.5636363688502591,0.5036735849211961,0.6495544236939234,0.6076114866233324,0.6013404407400822,stable,low_attendance
265,1,3.1.27,0.6403471328844401,0.4979022534486212,0.67917983515727,0.6184939652312559,0.4828139743830091,stable,"low_attendance,low_participation"
266,1,2.4.26,0.7465827970091731,0.49693040805931005,0.7234004834965836,0.5957148338829883,0.414365098499659,stable,low_participation
267,1,1.5.12,0.6199855750379343,0.4286482731822652,0.5205653816423027,0.5184438414779003,0.5952674052579611,declining,"low_attendance,low_participation"
268,1,2.2.19,0.6931709167502292,0.652787537436875,0.7130803160253963,0.777336488567514,0.4661756370303209,stable,low_attendance
269,1,4.2.37,0.7927940481017709,0.4388549741102763,0.6268114305704342,0.5168192015844878,0.5782861496655682,stable,low_participation
270,1,4.3.41,0.7401375471890863,0.5305496894877672,0.6930528587534912,0.6477142817731868,0.45398332226270055,stable,none
271,1,1.5.13,0.6697324731285034,0.5093536113567497,0.607068181947012,0.6276825625588324,0.47345690376704713,stable,low_attendance
272,1,1.5.12,0.7442551576835377,0.434983172991897,0.7224560668978561,0.5629711715322813,0.38002810164578665,stable,low_participation
273,1,2.2.19,0.6807624433106687,0.6876810266634806,0.7064029803360597,0.7946766361192616,0.4688991810758421,declining,low_attendance
274,1,3.2.30,0.8077272253831871,0.4647635860826706,0.5927629511377212,0.5808401951691244,0.5426703780655583,stable,low_participation
275,1,3.2.29,0.5550156999347295,0.5585443608019472,0.7058312107209717,0.6804875242898437,0.5129469045508828,stable,low_attendance
276,1,4.1.34,0.6692226279930954,0.4418453921487175,0.7378462405406131,0.5524171493661872,0.48305721850627764,stable,"low_attendance,low_participation"
277,1,1.5.12,0.7350878613427967,0.2604678960168812,0.5617842036246582,0.3391458041898359,0.6785666971607752,stable,low_participation
278,1,2.2.19,0.5549478601701889,0.7242161556688238,0.6651490395441165,0.8729442192176472,0.46344563677839723,stable,low_attendance
279,1,4.4.43,0.6717500334035761,0.42289225020039306,0.48240476579988645,0.5017032798349462,0.6040009161025373,stable,"low_attendance,low_participation,low_academic_engagement"
280,1,1.2.4,0.7078439518891105,0.5605908100565631,0.6369468608440538,0.6759465973624041,0.42826186558540214,stable,none
281,1,4.3.39,0.7140052078861884,0.47404384102751945,0.6481639274841077,0.567674079466146,0.4615282286513582,stable,low_participation
282,1,1.2.4,0.5731178914227579,0.5166980554322801,0.6816936697414407,0.626635043852819,0.5752158314003757,stable,low_attendance
283,1,2.3.23,0.5601158476063594,0.317843108505225,0.5828165674411342,0.3951699511060007,0.6004746489593807,stable,"low_attendance,low_participation"
284,1,1.2.5,0.7189669292890845,0.3672045623461913,0.5713538845914461,0.46888295850701667,0.519109433411937,stable,low_participation
285,1,4.3.40,0.7228740409338015,0.47114323347275544,0.6930195193628497,0.578152201092018,0.43022447934950875,stable,low_participation
286,1,1.1.2,0.6197942572228764,0.5161943424893559,0.6025462006275344,0.599591532199325,0.5458218900673139,stable,low_attendance
287,1,4.4.43,0.5850789808726397,0.584477579105819,0.6943663926795823,0.7300239337804838,0.4214659004346633,declining,low_attendance
288,1,2.1.17,0.6606008963959733,0.5202471628671598,0.6622561382781881,0.6565008682879813,0.44320678839461064,stable,low_attendance
289,1,3.2.30,0.6797850195995606,0.4913475803401118,0.5407013438270625,0.6137465631880832,0.43163709203187056,stable,"low_attendance,low_participation"
290,1,2.1.16,0.6595590066406074,0.679557664825035,0.6496375960496411,0.8060333683239586,0.500526576455561,stable,low_attendance
291,1,2.4.26,0.8047801583597352,0.471706948343446,0.7676769932032759,0.586014406129671,0.44827565350120846,stable,low_participation
292,1,3.3.31,0.6985932507830018,0.6947331609433279,0.7047190259812784,0.8549122340135273,0.5285613620652464,stable,low_attendance
293,1,1.4.10,0.6472777057916265,0.45058610596593646,0.7382335885343676,0.5474611989316613,0.6625205630902422,stable,"low_attendance,low_participation"
294,1,4.4.44,0.7075681002709944,0.514401772087724,0.6748568577639026,0.6132340782449363,0.46265893719261614,stable,none
295,1,4.1.34,0.7215373183387341,0.4877971529131038,0.6102306609753869,0.620068873058428,0.48352339441896813,stable,low_participation
296,1,2.2.19,0.6291669869299937,0.5565309224946414,0.7355265624585877,0.7081641631069164,0.46864500492811256,stable,low_attendance
297,1,4.3.39,0.7146510410184707,0.47917995218185433,0.6315389878034697,0.5695548266990448,0.46338844871763696,stable,low_participation
298,1,3.2.29,0.7101124713444903,0.4666214200116585,0.6837474341763146,0.5675844858557865,0.4877019421664737,stable,low_participation
299,1,2.4.25,0.5998329598188296,0.47115213588391136,0.6385295575913937,0.5676579224426779,0.5558615638891656,stable,"low_attendance,low_participation"
300,1,3.3.31,0.7457351893492018,0.41744161604581725,0.7507803893516615,0.4919748647994957,0.47827579872260517,stable,low_participation
301,1,2.1.17,0.5921234897280174,0.665830164236787,0.6562947469836659,0.8046778010327165,0.48644580568586376,stable,low_attendance
302,1,1.4.10,0.7106072432410483,0.6275688557700615,0.7506616895818354,0.7760801122748059,0.4580229114621223,stable,none
303,1,4.1.34,0.751243194858722,0.4802488716891535,0.4990142833639994,0.602960809394634,0.45381463465692234,stable,"low_participation,low_academic_engagement"
304,1,2.1.17,0.5844799411671117,0.7021901137415559,0.6104763929072992,0.829263693449247,0.468027784352691,stable,low_attendance
305,1,2.1.17,0.6919307835336889,0.46441906490971485,0.5713121117659393,0.5834321486728443,0.42832285723109864,improving,"low_attendance,low_participation"
306,1,2.3.22,0.7709263994826877,0.3181023122456678,0.6764398176479136,0.38472075919643184,0.4598296143025777,stable,low_participation
307,1,2.2.19,0.762538744221703,0.5828825513870436,0.75268458057209,0.7008681982848062,0.4078183452500612,stable,none
308,1,1.1.1,0.6309360431175037,0.7091730995479694,0.6871263014303364,0.8239279147973309,0.43125975998060545,stable,low_attendance
309,1,2.1.15,0.6480245256564799,0.7066153759979761,0.7410487172066212,0.8339565279113367,0.41297707642048503,declining,low_attendance
310,1,2.3.21,0.7021437369248369,0.4612709284735511,0.7863833147726159,0.5768583048500739,0.5015213596867929,stable,low_participation
311,1,2.2.19,0.6944321892634955,0.5186671336793722,0.7320530166445004,0.629127608723148,0.47084351984354905,stable,low_attendance
312,1,4.4.42,0.6904856421544391,0.511680270797758,0.6358942316823203,0.605573799856563,0.4934124761093446,improving,low_attendance
313,1,4.1.35,0.7141221051661106,0.575979622766771,0.786500916527434,0.7101777872656835,0.46617113059888515,stable,none
314,1,4.2.37,0.8501190627266235,0.4541853417797433,0.7266761962804767,0.5423886653957766,0.4333132068409985,stable,low_participation
315,1,4.3.41,0.7016358220096618,0.5511699674779363,0.6530943935393062,0.6694178913536789,0.49320392190528395,declining,none
316,1,4.4.42,0.7562873231055524,0.45952481607082324,0.6613383953643951,0.540778772567116,0.5447731689752886,stable,low_participation
317,1,4.1.33,0.7134694629415943,0.30787608890948726,0.6378926247400797,0.40701157230988577,0.6208518100979425,stable,low_participation
318,1,4.1.34,0.8333979224130222,0.39469048058066125,0.7495512136098487,0.4787446600049227,0.3659010803447096,stable,low_participation
319,1,4.2.37,0.6685544904906728,0.4469245011216262,0.7263096936950495,0.5264504612155638,0.5558075475457478,stable,"low_attendance,low_participation"
320,1,1.2.6,0.7663821974425703,0.3918553744555588,0.6393764649168001,0.48922525696379915,0.47472581070299286,stable,low_participation
321,1,1.2.5,0.5954805319206081,0.5478313319490308,0.6772260476591736,0.7083899067787156,0.5634857621883761,stable,low_attendance
322,1,4.2.37,0.6712701630530574,0.4604607402797691,0.6373413310647495,0.5455681345224657,0.5577603061012459,stable,"low_attendance,low_participation"
323,1,4.4.43,0.7209346911994121,0.5915273168738502,0.5671379788020167,0.6843666794640343,0.4018467545277597,stable,none
324,1,2.3.22,0.6756516109093065,0.6442736200161624,0.6312273354275372,0.79016235001998,0.47587681493822553,stable,low_attendance
325,1,1.1.1,0.6341882041270122,0.6588680982873995,0.6837141280682247,0.7724863764267104,0.5156249867548025,stable,low_attendance
326,1,1.2.4,0.644554833110458,0.6095645666800957,0.6128797743247024,0.7355771905330498,0.501482663792875,stable,low_attendance
327,1,1.2.5,0.6937632203074844,0.5071726038542651,0.4758511202901947,0.5987821570183871,0.5210977473455704,improving,"low_attendance,low_academic_engagement"
328,1,2.1.16,0.5996231079569156,0.7185076072643329,0.6715582692598178,0.8414306156214005,0.47232094032937405,stable,low_attendance
329,1,1.2.5,0.6703939040535324,0.4962656792747124,0.7053826711724831,0.6418409404775568,0.5099151661382751,stable,"low_attendance,low_participation"
330,1,3.2.29,0.7500881007281115,0.45540100194971056,0.7112416217065787,0.5764241378835935,0.4573581171215228,stable,low_participation
331,1,1.3.7,0.7425383361679325,0.5219377048905669,0.6792970427778664,0.6616643984544519,0.41361188990668213,stable,none
332,1,2.3.23,0.7810804949638541,0.5159359923026804,0.6557967159367418,0.6035013233085945,0.4832041613964291,stable,none
333,1,4.1.33,0.6760940442265402,0.48090669581087847,0.590620424440895,0.5717979481026857,0.48539721419275345,stable,"low_attendance,low_participation"
334,1,1.2.4,0.6527959748543251,0.5459671973621548,0.7800086681106441,0.709776000387582,0.5255294799370938,stable,low_attendance
335,1,1.2.4,0.658849815108741,0.6747530087945379,0.5940316444191176,0.8280216267441963,0.43584185841060263,stable,low_attendance
336,1,1.1.3,0.7290024739485889,0.4550100522751996,0.5849958890136309,0.5852323094948778,0.5323272609119168,stable,low_participation
337,1,2.3.22,0.7921790613776744,0.46189685910017914,0.6891640127714718,0.5803303310083994,0.5125378971848522,stable,low_participation
338,1,4.4.44,0.7589947973821197,0.5666981591253449,0.5803521892838724,0.6997911573091721,0.4381735972276246,stable,none
339,1,4.3.41,0.6787523135260155,0.5071929162810338,0.7661007282135927,0.6165596439947358,0.39611951734157635,stable,low_attendance
340,1,1.1.2,0.7064259027432093,0.4064302066885633,0.6583268792088148,0.5395245114100863,0.4881101135421071,declining,low_participation
341,1,2.4.25,0.7109065136125446,0.44106312303999384,0.6924425742084376,0.5415464056127473,0.42473589801026956,stable,low_participation
342,1,2.2.19,0.6462061227340371,0.5459372140182355,0.7046397956053668,0.6933103387087826,0.5335385863461211,stable,low_attendance
343,1,4.4.44,0.7494676625499257,0.4823039133960861,0.6643297039957436,0.5719128134292625,0.4849658613964996,stable,low_participation
344,1,3.1.28,0.7257047690784799,0.5492156437151746,0.686343445760957,0.6626871014442419,0.4884113144546278,stable,none
345,1,2.1.17,0.5996615269679052,0.4600188605950362,0.6143776971510578,0.551919822143083,0.588321201757023,stable,"low_attendance,low_participation"
346,1,4.1.33,0.6835865083725435,0.5219899617268889,0.6617267044981153,0.61367847228666,0.40409313481696646,stable,low_attendance
347,1,4.3.41,0.7248194702860923,0.6022384049984532,0.7611697006867123,0.71692049565484,0.5537658290528676,stable,none
348,1,1.1.2,0.7126647547650703,0.4119682775497114,0.5150910427781206,0.5319651821714046,0.3857794005882876,stable,low_participation
349,1,1.5.12,0.8083799932442158,0.40630739967367346,0.5540101888420239,0.5336738687021196,0.5432986810419714,stable,low_participation
350,1,2.3.21,0.5292979990150347,0.37118097828751423,0.59980156531833,0.4345505915679772,0.6710910812993822,stable,"low_attendance,low_participation"
351,1,1.1.2,0.7064316465762701,0.5287627099132846,0.6898861180516604,0.7129335058016504,0.42260834559756466,stable,none
352,1,1.2.4,0.76399813550976,0.5450918756537751,0.6862717259995313,0.6897408822904099,0.3807899048988936,stable,none
353,1,4.1.34,0.650454465396142,0.46217940113034944,0.5203443168072761,0.5417221010274027,0.4458448279711939,stable,"low_attendance,low_participation"
354,1,2.4.25,0.6817252210909994,0.4862523591107571,0.77535673505122,0.586241395161646,0.6146036956038681,stable,"low_attendance,low_participation"
355,1,3.2.29,0.7099580927911338,0.5945682943426723,0.709296807941015,0.7222868228266306,0.4091190633118975,stable,none
356,1,4.3.41,0.6567426223352544,0.3868743074458207,0.6328562727297417,0.4718491386499766,0.5545380946410402,stable,"low_attendance,low_participation"
357,1,2.4.25,0.7663257762073719,0.5236831098981162,0.6724066315445927,0.6411383302555669,0.4746226604831079,stable,none
358,1,3.3.32,0.6482086678593958,0.4483631975625661,0.7872916198784751,0.5727568894863899,0.5936496540787654,stable,"low_attendance,low_participation"
359,1,4.3.40,0.7448576191298423,0.4790398122467119,0.5226568501920468,0.602987000168508,0.4103600424545229,stable,low_participation
360,1,2.3.21,0.8035721307658207,0.4796405645749612,0.7624212143373231,0.6032297324041737,0.4845935075460959,stable,low_participation
361,1,3.1.27,0.6932300098124314,0.48186470716054064,0.7151663272342238,0.6046622698533897,0.5571554234789461,stable,"low_attendance,low_participation"
362,1,1.5.12,0.7517054057634439,0.5301569315434904,0.6635475190794047,0.6437365347431249,0.48100337339041843,stable,none
363,1,1.1.2,0.5847323811534568,0.5817925152128383,0.761497733367158,0.7721364058633498,0.5419311467446056,declining,low_attendance
364,1,3.3.31,0.6771327854854704,0.522429430978797,0.5261548470743614,0.6508747733482627,0.5088103607240357,stable,low_attendance
365,1,1.1.2,0.5666597866408652,0.7294018967837191,0.7637039717274371,0.8562763494355138,0.37360861736287115,declining,low_attendance
366,1,4.2.38,0.5758042152196992,0.5045722033508342,0.7544211231235645,0.6130425762770899,0.5012240112516801,stable,low_attendance
367,1,2.3.23,0.7300274790131,0.4850616896878686,0.4747424190426866,0.6181048294930654,0.4733782864694985,stable,"low_participation,low_academic_engagement"
368,1,2.2.19,0.6353207663235705,0.7087745061823806,0.7212462025617903,0.7987514277574359,0.40734820640039837,stable,low_attendance
369,1,4.3.40,0.7537827888181609,0.4499274030267557,0.6481353428237766,0.5835657592501777,0.48463005440734425,stable,low_participation
370,1,4.1.33,0.7517576951485161,0.5027307892045325,0.6776798022593503,0.612483190102678,0.4483774900674082,stable,none
371,1,3.1.27,0.7037628501616532,0.5188166259724248,0.6696918459977228,0.6489936418947245,0.41111882926362403,stable,none
372,1,4.3.39,0.7041108608473355,0.4177285276222213,0.519245374476419,0.5490171729149251,0.4522192545095858,declining,low_participation
373,1,1.4.11,0.8186603144022505,0.5157978170648866,0.7230928579300023,0.6019555529518209,0.531829633308565,stable,none
374,1,2.3.23,0.7967269282387827,0.5641478134734169,0.7355626365154745,0.6898841335627685,0.4097802342355772,stable,none
375,1,2.3.23,0.678420008152759,0.40975197742108865,0.6235108810957066,0.4812906055411495,0.4758923407203555,stable,"low_attendance,low_participation"
376,1,3.3.31,0.6633963968961714,0.6067966285537855,0.7321001128992507,0.7569606955593965,0.5157671249351814,stable,low_attendance
377,1,2.2.19,0.6604388843873986,0.5222125165313045,0.7028693162361711,0.6445406105649755,0.41601538205164945,stable,low_attendance
378,1,1.2.5,0.6686448753203121,0.6906608495224935,0.6914290365233722,0.7835406938447651,0.3902684840582616,stable,low_attendance
379,1,3.3.32,0.5743405209952758,0.62699918952572,0.6538704645856245,0.7570508720361432,0.4297113612467504,stable,low_attendance
380,1,2.1.15,0.5889905027895881,0.5117696031468941,0.671911270922639,0.6319854789633558,0.4985535017698583,stable,low_attendance
381,1,1.3.8,0.6738038884639111,0.4421695552882972,0.6163573519715855,0.535809101775366,0.585206351422357,stable,"low_attendance,low_participation"
382,1,2.4.26,0.6756259954256262,0.6806632728118641,0.6909570212959091,0.816047936057298,0.4209874815929499,stable,low_attendance
383,1,4.3.40,0.7176636561989724,0.4637210270430761,0.6540506414712886,0.6116573599563498,0.4331296397892524,stable,low_participation
384,1,4.3.39,0.6050236844309508,0.6104587440411003,0.680757669726174,0.7970599501039949,0.394872191830475,stable,low_attendance
385,1,3.3.31,0.7025049358034976,0.7415804017425819,0.724433080707165,0.8636956750930543,0.4670505634203101,stable,none
386,1,4.3.41,0.621581520824018,0.5075232231491126,0.7809430513831535,0.6288799992649109,0.5760838168766481,stable,low_attendance
387,1,4.1.35,0.6802645630913657,0.3933231675227544,0.7054766671426865,0.47886499900136315,0.45714531088431354,stable,"low_attendance,low_participation"
388,1,4.3.39,0.778429582940715,0.3595587649851682,0.6517031926705051,0.4683110452148345,0.49717560088024143,stable,low_participation
389,1,4.4.42,0.7339980005348187,0.46771419060612524,0.625074005180049,0.5613591721270481,0.49675806567967395,stable,low_participation
390,1,4.2.37,0.754646152717844,0.49120749783497747,0.5419447736528347,0.6273844669755005,0.3896095574798695,stable,low_participation
391,1,4.3.41,0.5733708071227342,0.5222291306978658,0.676233864527978,0.6316934037173593,0.5313672341079106,stable,low_attendance
392,1,4.4.42,0.6756918754339097,0.4829278689311442,0.5344782904454877,0.6088411465522937,0.3974482819668923,stable,"low_attendance,low_participation"
393,1,3.2.30,0.710495554276371,0.5450622914221298,0.537672723727656,0.6627716024183741,0.48731345700134554,stable,none
394,1,3.2.29,0.6296826730044788,0.6758182829490303,0.7238761345917797,0.8264589244731542,0.5368414484055564,stable,low_attendance
395,1,4.3.40,0.7122654394309611,0.514583136914264,0.6293782789976788,0.600014890135149,0.5500119911259601,stable,none
396,1,2.4.24,0.7493673869246515,0.30849133817788116,0.706173491572185,0.40112923545633566,0.54974851544559,stable,low_participation
397,1,2.1.16,0.5181916242145295,0.6766070646530423,0.6176945130237662,0.8112325538844422,0.5279943271948185,stable,low_attendance
398,1,4.4.43,0.6488362348227326,0.5655801367978942,0.6820430045443627,0.7004754718827643,0.4333073902655972,stable,low_attendance
399,1,4.1.34,0.6148247695786541,0.4797075910021012,0.5483544733040299,0.5951267804029136,0.4814446999951414,stable,"low_attendance,low_participation"
400,1,4.1.34,0.7025841656775199,0.42663824667686995,0.6313340015960031,0.538267798072054,0.47329990937686633,stable,low_participation
401,1,1.1.3,0.7593201592465514,0.5731718069901478,0.777669529407173,0.694636918350338,0.4909770275786752,stable,none
402,1,4.4.44,0.7707541932504519,0.42828750305279367,0.659718344685373,0.5366945262461931,0.45353708629652884,stable,low_participation
403,1,1.1.3,0.7446977263747611,0.45286411729159354,0.5651253529910695,0.5987316192826263,0.5313222070051512,improving,low_participation
404,1,3.3.31,0.7694580015260669,0.549601815149983,0.6851540619970865,0.6687401248214312,0.4638938887134636,declining,none
405,1,3.2.29,0.6083162277600067,0.42135438761720845,0.7710355376717123,0.5325122532428455,0.6680318176505006,stable,"low_attendance,low_participation"
406,1,2.1.17,0.7050534365137642,0.6354418536065221,0.7119642409318185,0.7570049482560091,0.49486558589320095,declining,none
407,1,1.2.4,0.6803750157290073,0.5845191459345096,0.6296147513812469,0.7163443877584246,0.49172832409530864,improving,low_attendance
408,1,2.1.16,0.5537972390574449,0.553949329124006,0.658202313203608,0.6632795254093613,0.4922467455917925,stable,low_attendance
409,1,1.1.2,0.6752057677407849,0.37189178578838417,0.5848873804383169,0.46359364827828103,0.5725157572525489,stable,"low_attendance,low_participation"
410,1,4.2.38,0.7638811308295135,0.5272212634779719,0.6689889645834576,0.6023270559678698,0.44837075267784887,stable,none
411,1,4.1.33,0.7335465769218237,0.36858790353844034,0.7541817673109351,0.48301147628361535,0.5548822351658144,stable,low_participation
412,1,3.1.28,0.6822274767825748,0.46661902911275277,0.5825879817580139,0.5771767967962907,0.6390125396589931,stable,"low_attendance,low_participation"
413,1,4.2.38,0.7711960166351576,0.49512383727707665,0.7230309825148742,0.6002974561128688,0.47660136588520063,stable,low_participation
414,1,2.3.22,0.5844358332550873,0.6155206901591769,0.7117261198610794,0.760585159798647,0.5173676346044233,stable,low_attendance
415,1,4.1.35,0.6433124231133921,0.6083824023303516,0.7315923488979887,0.7234432128183362,0.6414422390994656,stable,low_attendance
416,1,4.2.38,0.7065674016411858,0.5453125047828523,0.5341238441673059,0.6832376466996394,0.49334392658450965,stable,none
417,1,3.3.32,0.7234413645504171,0.4330043403120977,0.5876462157515054,0.5056465345721066,0.4658590452101448,stable,low_participation
418,1,3.3.31,0.7255098634315637,0.316952146116061,0.6827456391785662,0.4235188290593673,0.5172404126672715,stable,low_participation
419,1,4.4.43,0.6963905907874418,0.7469940875278813,0.6927463159636845,0.8500003287504992,0.48722061140706346,declining,low_attendance
420,1,4.1.35,0.7183275523490028,0.49878439351287235,0.7324933587003658,0.6128719387961685,0.5659295780066033,stable,low_participation
421,1,2.1.17,0.5978306026705844,0.5303054622869134,0.7505986008326331,0.6160241182788639,0.664808628731904,stable,low_attendance
422,1,1.1.2,0.593251401630112,0.4475108532093097,0.554960672580494,0.5516587039750601,0.4851240002008523,stable,"low_attendance,low_participation"
423,1,4.1.34,0.6836594963206027,0.46251983028870125,0.6937813845440267,0.5786640749706539,0.49452354924067193,stable,"low_attendance,low_participation"
424,1,1.2.4,0.8120676960561667,0.47765293199655084,0.6878791731140891,0.582338173150532,0.42431300270680966,stable,low_participation
425,1,4.4.43,0.6775259629417839,0.6461704861830246,0.6968124792346089,0.7580435226395439,0.4319624138333224,declining,low_attendance
426,1,2.4.26,0.6638957315459152,0.6047788891327822,0.71713010755122,0.7313075449186096,0.45404854050184634,stable,low_attendance
427,1,4.3.39,0.6894616177673306,0.5351696762397532,0.6971568046534479,0.6470661931068756,0.46351240003027216,stable,low_attendance
428,1,2.1.17,0.7069605055420213,0.6164095497578188,0.6760172461694111,0.7126403015154094,0.37420806213300084,improving,none
429,1,4.2.38,0.6801182230900471,0.5638824354222027,0.6186781398115357,0.6703072053133682,0.6001089629655938,stable,low_attendance
430,1,4.1.33,0.5981524440612138,0.6247779284303114,0.7633697357843389,0.7652573786238387,0.4443448584206899,stable,low_attendance
431,1,2.3.23,0.7844637103527078,0.29673133088899284,0.6221064783165943,0.3937358204489059,0.6384701132840195,stable,low_participation
432,1,4.2.38,0.5391218185672133,0.6151396413137638,0.7755199234089657,0.7458279167161588,0.5205143445343011,stable,low_attendance
433,1,1.1.3,0.7295233371468668,0.43682109939002595,0.7301958148305406,0.5401437464928368,0.4302189708979483,declining,low_participation
434,1,4.3.40,0.7942384890285054,0.2999092252277484,0.579979633149594,0.40600338672846525,0.5048706306325207,stable,low_participation
435,1,2.1.17,0.7430659568562458,0.7149002770697207,0.6920137244563364,0.8388203224518526,0.3515032251171942,stable,none
436,1,1.2.6,0.5904410947352026,0.4421901726864392,0.4701812573939996,0.5071851746937339,0.5743713458749483,stable,"low_attendance,low_participation,low_academic_engagement"
437,1,1.1.3,0.6576748405899029,0.5544714584334358,0.6909478897618445,0.6767278085607055,0.4014622686425308,stable,low_attendance
438,1,4.2.38,0.6017239554955565,0.714833182123254,0.6858607304576841,0.8314449882401785,0.42981108379031824,stable,low_attendance
439,1,2.3.21,0.690041200903421,0.35539927724059306,0.5878755350343311,0.45214326600059834,0.5995845773189147,declining,"low_attendance,low_participation"
440,1,4.1.33,0.7527413963155906,0.5195977795536965,0.6629299919407167,0.631133266600428,0.4655455127454056,stable,none
441,1,4.2.37,0.7482208281294814,0.4457915105064867,0.6684860306492774,0.5434105471932716,0.48352039175532163,stable,low_participation
442,1,4.2.37,0.6443241274127934,0.5562073322461545,0.7480693975642287,0.700314280838607,0.4761016323454654,stable,low_attendance
443,1,4.2.38,0.628963860182315,0.7744246435973896,0.7309555272863528,0.8729583814956167,0.35325847169850466,stable,low_attendance
444,1,4.1.33,0.7008006647353495,0.43679166899643795,0.70613522680845,0.5785051383585186,0.5012743550502382,stable,low_participation
445,1,3.2.29,0.7859568882746402,0.49947066894820163,0.7331201411696894,0.6199886419554913,0.5139833588258012,stable,low_participation
446,1,4.2.37,0.7764986591296302,0.4266883524232315,0.774955542015606,0.5207565865884916,0.41857917831026364,stable,low_participation
447,1,4.4.42,0.7581604578389133,0.593774033400881,0.7148265200682801,0.6997862522426018,0.45585476009914316,stable,none
448,1,1.3.9,0.520605890250162,0.6965043893434576,0.6944406860574288,0.8522493160747396,0.42471514824721274,stable,low_attendance
449,1,4.4.44,0.6939102898680329,0.5455138008716708,0.6522688093207472,0.7034658811537281,0.49220000793796753,improving,low_attendance
450,1,4.1.33,0.6972560250248426,0.477007039312393,0.7150940480350668,0.5737331931909105,0.45563690260929685,stable,"low_attendance,low_participation"
451,1,3.1.27,0.718506664431632,0.3969195837997039,0.7297645202644792,0.4822202627489675,0.4764765615669835,stable,low_participation
452,1,2.1.17,0.6959253949210735,0.535351448346469,0.6918341972559006,0.6759936280713456,0.53499693047431,stable,low_attendance
453,1,1.1.2,0.7238797664789107,0.29442864308618516,0.556487116615109,0.38379823559877296,0.45700286543035823,stable,low_participation
454,1,4.3.41,0.7811499396239002,0.4120571353046503,0.6954503208536439,0.5130445008101813,0.4204245357732385,stable,low_participation
455,1,2.1.15,0.7084253634131766,0.6063465664277573,0.7376406803091594,0.7092493545612529,0.39912396485907736,stable,none
456,1,2.4.25,0.782258391497114,0.5924642682614635,0.6915431000724315,0.7041488401319111,0.3770845007060925,stable,none
457,1,1.4.10,0.6275842970683053,0.4472142772773941,0.6756204265030336,0.5488100511932328,0.4374052489978878,stable,"low_attendance,low_participation"
458,1,2.1.16,0.7080815999369129,0.4220676082796904,0.73218071051854,0.5636787193041469,0.5068176979174656,declining,low_participation
459,1,3.3.31,0.5822816434266331,0.6079008755989265,0.7789426455884033,0.7569046912022744,0.4541367364120165,stable,low_attendance
460,1,1.1.3,0.7771024639019434,0.5148137309362166,0.6717876950048219,0.6457136061453554,0.48859554894967516,stable,none
461,1,2.3.23,0.4478183613027509,0.6731874972782131,0.6032711057058648,0.7566980370036145,0.6364480453069347,stable,low_attendance
462,1,4.2.38,0.7189196820689024,0.5801802080858832,0.6749946919275827,0.7212411204201278,0.4872192271884055,improving,none
463,1,1.1.1,0.7162819553972198,0.5253148057195239,0.654964483381763,0.6651317215644745,0.5265643247014381,stable,none
464,1,3.2.30,0.6770877129573293,0.4392963596775294,0.6390980634925775,0.5638269623084858,0.4852298265443357,stable,"low_attendance,low_participation"
465,1,2.1.16,0.5995200530999238,0.6289033601631203,0.6636092196649638,0.7689143948538059,0.5279186088179969,stable,low_attendance
466,1,4.3.41,0.7851396232381701,0.38948191883214633,0.6245021333110715,0.486634161052294,0.5101685522253234,stable,low_participation
467,1,4.2.37,0.6938072269132038,0.7364749669299533,0.7566623105773308,0.8469384857414829,0.4108998543022364,stable,low_attendance
468,1,4.4.44,0.7398256207831064,0.46265639172907247,0.6947086373573325,0.554819780777876,0.4870929893283675,stable,low_participation
469,1,2.2.18,0.74838534178531,0.45114960375908786,0.6790845154462746,0.5497852321050352,0.4513277108031191,stable,low_participation
470,1,3.2.30,0.8143508320964982,0.4755927669673275,0.7378462686002131,0.5583955562993911,0.4602022507294364,stable,low_participation
471,1,1.2.6,0.7678717806249741,0.5222743021702385,0.6716030712067976,0.6317538714072498,0.3899066018639113,stable,none
472,1,4.2.38,0.5982465540648115,0.4853407587319148,0.7680485337249854,0.6230867157532957,0.5282645510163027,stable,"low_attendance,low_participation"
473,1,2.3.23,0.5902469398746679,0.2975830782103491,0.6485783231836204,0.3542160861165898,0.5716607268279503,stable,"low_attendance,low_participation"
474,1,4.4.44,0.7591584279925767,0.5930430767939282,0.6112559124284794,0.7058940012867381,0.47277149125381834,stable,none
475,1,1.3.9,0.6618853974405258,0.4464370427250752,0.5671461444756022,0.5205039059773016,0.5305308316080257,stable,"low_attendance,low_participation"
476,1,4.4.43,0.6665476799173163,0.39459524306406185,0.751863626490008,0.5148153476288838,0.4935988103040401,stable,"low_attendance,low_participation"
477,1,2.4.25,0.6594798561860336,0.29139699484466786,0.5935076581381633,0.34237277419469936,0.6889380630778005,stable,"low_attendance,low_participation"
478,1,1.2.4,0.7444792659403888,0.49691534985746505,0.6931626007691081,0.640600628473466,0.3827212772909595,stable,low_participation
479,1,4.2.38,0.6197622237759438,0.4217625976465738,0.6764831340003177,0.4953307068802118,0.5606721785291189,stable,"low_attendance,low_participation"
480,1,4.1.35,0.6892231882140257,0.38978794317314486,0.7475653895204063,0.4831666938082668,0.5318170786512982,stable,"low_attendance,low_participation"
481,1,2.3.23,0.7566872418988652,0.5122084154457874,0.7163433311335156,0.6483611048621291,0.48911798571999227,stable,none
482,1,4.1.34,0.6696607715524844,0.5416192837287198,0.6563815948003104,0.6842495330010702,0.47070226774233914,improving,low_attendance
483,1,2.4.25,0.6531904571427769,0.6510626323105453,0.7291544664491175,0.7753790980244499,0.5197271723321902,stable,low_attendance
484,1,1.1.3,0.7155065948644422,0.6680766276902145,0.5717664190360253,0.7816339483624248,0.4425291759377297,stable,none
485,1,1.1.2,0.7520260899306633,0.5673156197423347,0.6460522552119216,0.6796243431941885,0.3887745251651944,stable,none
486,1,2.2.19,0.8101853256714664,0.41565682369045537,0.7572546764157183,0.5184594710723177,0.5003865646348515,stable,low_participation
487,1,2.2.19,0.6160503706988322,0.47964828767874684,0.710507950027167,0.6183649572623003,0.5497625408574904,stable,"low_attendance,low_participation"
488,1,1.4.11,0.7652083929213854,0.46652498175072865,0.6396717498157682,0.553133714841986,0.5143235084234673,stable,low_participation
489,1,4.3.41,0.4632085577310401,0.5722787476763106,0.635746969352112,0.6980157349143646,0.591021382273381,stable,low_attendance
490,1,2.1.17,0.7128942042028851,0.5633394667345856,0.637855243107261,0.6640144963523197,0.5091479270576262,stable,none
491,1,3.1.28,0.6248678575720342,0.46923035813707986,0.6516945120144049,0.5843616730046671,0.45026463123578164,stable,"low_attendance,low_participation"
492,1,3.3.31,0.5940513217380439,0.5887861321762484,0.8187170522085077,0.7338958398025985,0.5589602441239974,stable,low_attendance
493,1,4.3.41,0.7725090707832383,0.4998542547234064,0.6897049580277973,0.6239660341375087,0.4729215673619005,stable,low_participation
494,1,1.4.10,0.773446071846927,0.5120951687566121,0.6888186570878699,0.6189889535000938,0.426607143875379,stable,none
495,1,1.2.6,0.7468651510763643,0.49443488289486875,0.6670351052479454,0.6178558318849975,0.46627532157155854,stable,low_participation
496,1,4.1.33,0.7884626845985556,0.4414465073017282,0.6614454853256607,0.5098448101980745,0.4513012397588169,stable,low_participation
497,1,1.1.3,0.7751859073548992,0.49136750783412064,0.6934528274286897,0.579840148784295,0.39668568730029435,improving,low_participation
498,1,1.1.2,0.5813219327457866,0.38311852060896867,0.6325720672172092,0.4703102557176539,0.5654082114494342,stable,"low_attendance,low_participation"
499,1,1.1.1,0.61315869513737,0.6577651998301446,0.6330417509099563,0.7678673201229019,0.48458626525940995,stable,low_attendance
